{
    "transition": {
        "(NNP,NNP)": 0.3782645420509543,
        "(NNP,,)": 0.13846908958086018,
        "(,,CD)": 0.021234939759036144,
        "(CD,NNS)": 0.15775891730703062,
        "(NNS,JJ)": 0.017196978862406887,
        "(JJ,,)": 0.029129343105320303,
        "(,,MD)": 0.010542168674698794,
        "(MD,VB)": 0.7990886934407121,
        "(VB,DT)": 0.22209580603397544,
        "(DT,NN)": 0.4734877816566169,
        "(NN,IN)": 0.24741637524111218,
        "(IN,DT)": 0.32807784039342325,
        "(DT,JJ)": 0.21834338305299905,
        "(JJ,NN)": 0.4491042345276873,
        "(NN,NNP)": 0.009519030219392476,
        "(NNP,CD)": 0.019176330928682313,
        "(CD,.)": 0.0725427227893107,
        "(.,<new_line>)": 0.9306285141092311,
        "(<new_line>,NNP)": 0.1978700578276683
    },
    
    
    "emission": {
        "(NNP,Pierre)": 6.84868961738654e-05,
        "(NNP,Vinken)": 2.2828965391288468e-05,
        "(,,,)": 0.9999139414802065,
        "(CD,61)": 0.0007168253240050465,
        "(NNS,years)": 0.019530237301024905,
        "(JJ,old)": 0.003613599348534202,
        "(MD,will)": 0.3138709335593939,
        "(VB,join)": 0.0015693044058221193
    }
}